{"initial_reset_timestamp": 1561753756.354697, "timestamps": [1561753758.3956072, 1561753758.6453052, 1561753758.692267, 1561753758.6972528, 1561753758.7022405, 1561753758.7092245, 1561753758.7162032, 1561753758.7221866, 1561753759.0108197, 1561753759.0621665, 1561753759.0701475, 1561753759.0751, 1561753759.079088, 1561753759.084108, 1561753759.0870998, 1561753759.0910583, 1561753759.0960472, 1561753759.10205, 1561753759.106017, 1561753759.1110334, 1561753759.113996, 1561753759.1179852, 1561753759.122, 1561753759.1259964, 1561753759.1319766, 1561753759.1359365, 1561753759.1399524, 1561753759.3581522, 1561753759.380915, 1561753759.4045012, 1561753759.4115145, 1561753759.4144733, 1561753759.4174645, 1561753759.4224517, 1561753759.4284685, 1561753759.4314635, 1561753759.434421, 1561753759.4374447, 1561753759.4414346, 1561753759.444433, 1561753759.4484093, 1561753759.4523973, 1561753759.4553883, 1561753759.4623454, 1561753759.465363, 1561753759.4703236, 1561753759.4743183, 1561753759.4783022, 1561753759.4872794, 1561753759.4942594, 1561753759.4982517, 1561753759.5022397, 1561753759.5072622, 1561753759.5132093, 1561753759.5185735, 1561753759.524527, 1561753759.5295098, 1561753759.5345292, 1561753759.5375214, 1561753759.540513, 1561753759.5454943, 1561753759.5504806, 1561753759.555442, 1561753759.5604532, 1561753759.739945, 1561753759.792416, 1561753759.797388, 1561753759.801356, 1561753759.8053455, 1561753759.8103647, 1561753759.8143272, 1561753759.8183446, 1561753759.8252933, 1561753759.8292818, 1561753759.8332708, 1561753759.8372889, 1561753759.8402815, 1561753759.8452387, 1561753759.8512557, 1561753759.8562088, 1561753759.861197, 1561753759.867213, 1561753759.8722017, 1561753759.877153, 1561753759.8811567, 1561753759.8851705, 1561753759.8901615, 1561753759.8951058, 1561753759.9001267, 1561753759.9091012, 1561753759.9190743, 1561753759.9310348, 1561753759.9389877, 1561753759.9479957, 1561753759.956982, 1561753759.965941, 1561753759.97085, 1561753759.976834, 1561753759.9838183, 1561753759.9967794, 1561753760.0108616, 1561753760.0248246, 1561753760.0427868, 1561753760.056784, 1561753760.0647693, 1561753760.069748, 1561753760.0797215, 1561753760.0847073, 1561753760.0896945, 1561753760.0946898, 1561753760.1047292, 1561753760.1156666, 1561753760.124648, 1561753760.133621, 1561753760.1455903, 1561753760.1526046, 1561753760.1605468, 1561753760.1775029, 1561753760.1934917, 1561753760.2054276, 1561753760.2104263, 1561753760.2184258, 1561753760.225375, 1561753760.2343864, 1561753760.243327, 1561753760.461316, 1561753760.5266194, 1561753760.541559, 1561753760.5485184, 1561753760.5525074, 1561753760.560488, 1561753760.5674956, 1561753760.5744543, 1561753760.5914345, 1561753760.6004102, 1561753760.609356, 1561753760.61737, 1561753760.6263416, 1561753760.641273, 1561753760.6472862, 1561753760.6602542, 1561753760.6702259, 1561753760.6885197, 1561753760.703853, 1561753760.7108364, 1561753760.7178164, 1561753760.7257953, 1561753760.7317793, 1561753760.738761, 1561753760.7467484, 1561753760.7636933, 1561753760.7786548, 1561753760.7886264, 1561753760.803588, 1561753760.8165529, 1561753760.8215396, 1561753760.8285217, 1561753760.8374963, 1561753760.8514597, 1561753760.864425, 1561753760.8704097, 1561753760.87739, 1561753760.8873644, 1561753760.8983352, 1561753760.9122975, 1561753760.9212718, 1561753760.9302487, 1561753760.9402232, 1561753760.9531882, 1561753760.9641588, 1561753760.9716322, 1561753760.981606, 1561753760.9875898, 1561753760.99557, 1561753761.0015516, 1561753761.010529, 1561753761.023494, 1561753761.0324686, 1561753761.0384798, 1561753761.0474298, 1561753761.06741, 1561753761.0773509, 1561753761.0913467, 1561753761.0992913, 1561753761.112256, 1561753761.1272163, 1561753761.1361926, 1561753761.1441715, 1561753761.1511927, 1561753761.165957, 1561753761.1719365, 1561753761.1809115, 1561753761.198863, 1561753761.2128263, 1561753761.2188106, 1561753761.2257917, 1561753761.233771, 1561753761.2397578, 1561753761.2467387, 1561753761.2577093, 1561753761.266715, 1561753761.2746623, 1561753761.285657, 1561753761.296627, 1561753761.3036118, 1561753761.3115635, 1561753761.3195689, 1561753761.3285182, 1561753761.335499, 1561753761.3434794, 1561753761.3504584, 1561753761.3554473, 1561753761.3624263, 1561753761.3704648, 1561753761.3793821, 1561753761.3923476, 1561753761.7305148, 1561753761.8028557, 1561753761.8108337, 1561753761.8168178, 1561753761.8277886, 1561753761.8367643, 1561753761.844743, 1561753761.852721, 1561753761.8656874, 1561753761.8716712, 1561753761.879797, 1561753761.8887818, 1561753761.9037337, 1561753761.914704, 1561753761.931659, 1561753761.9466188, 1561753761.9526036, 1561753761.97255, 1561753761.9944909, 1561753762.0114458, 1561753762.0194552, 1561753762.0264058, 1561753762.0433605, 1561753762.061312, 1561753762.0682938, 1561753762.0802631, 1561753762.0932288, 1561753762.1002085, 1561753762.1082153, 1561753762.1221495, 1561753762.1371095, 1561753762.1480818, 1561753762.1640375, 1561753762.1710193, 1561753762.3336911, 1561753762.349082, 1561753762.364693, 1561753762.3933973, 1561753762.4054713, 1561753762.4162934, 1561753762.4222765, 1561753762.4312537, 1561753762.4392328, 1561753762.4490445, 1561753762.4579868, 1561753762.4689906, 1561753762.4819257, 1561753762.493893, 1561753762.5158324, 1561753762.527805, 1561753762.5477476, 1561753762.5686908, 1561753762.5836506, 1561753762.6006055, 1561753762.6175916, 1561753762.6295278, 1561753762.6465182, 1561753762.662441, 1561753762.6694236, 1561753762.677428, 1561753762.6834185, 1561753762.6923604, 1561753762.6993742, 1561753762.705326, 1561753762.7113478, 1561753762.7173278, 1561753762.7302883, 1561753762.740235, 1561753762.7512033, 1561753762.7631738, 1561753762.773144, 1561753762.7801673, 1561753762.7871072, 1561753762.7931154, 1561753762.8010955, 1561753762.8130734, 1561753762.8260028, 1561753762.8330176, 1561753762.8449864, 1561753762.852965, 1561753762.858915, 1561753762.8669271, 1561753762.877865, 1561753762.8838816, 1561753762.8898351, 1561753762.89684, 1561753762.9108093, 1561753762.924974, 1561753762.9349806, 1561753762.9469154, 1561753762.952899, 1561753762.960878, 1561753762.9708502, 1561753762.9798274, 1561753762.9878056, 1561753763.0027647, 1561753763.0107443, 1561753763.027699, 1561753763.0357032, 1561753763.0486698, 1561753763.055624, 1561753763.06264, 1561753763.068589, 1561753763.075604, 1561753763.082557, 1561753763.0925255, 1561753763.10948, 1561753763.1224735, 1561753763.1334474, 1561753763.1453836, 1561753763.1553583, 1561753763.1683562, 1561753763.174311, 1561753763.1992402, 1561753763.2181888, 1561753763.2261674, 1561753763.2311559, 1561753763.2371764, 1561753763.249131, 1561753763.259109, 1561753763.2690532, 1561753763.2760358, 1561753763.2830496, 1561753763.297037, 1561753763.3040009, 1561753763.311939, 1561753763.3249402, 1561753763.4876108, 1561753763.5409343, 1561753763.5510514, 1561753763.5600278, 1561753763.571021, 1561753763.5859575, 1561753763.5979254, 1561753763.6069007, 1561753763.6138854, 1561753763.6248536, 1561753763.635858, 1561753763.6448338, 1561753763.6567714, 1561753763.6687357, 1561753763.67871, 1561753763.6886833, 1561753763.7036426, 1561753763.7166083, 1561753763.7265813, 1561753763.7345605, 1561753763.7435365, 1561753763.7514024, 1561753763.7593813, 1561753763.7683566, 1561753763.78232, 1561753763.7982771, 1561753763.809248, 1561753763.8172262, 1561753763.8281982, 1561753763.8371732, 1561753763.8471463, 1561753763.8551257, 1561753763.8611104, 1561753763.8670938, 1561753763.8760707, 1561753763.8830504, 1561753763.8930247, 1561753763.9049933, 1561753763.9160495, 1561753763.9230325, 1561753763.9429803, 1561753763.9579382, 1561753763.9669144, 1561753763.9758914, 1561753763.990853, 1561753764.00182, 1561753764.0127904, 1561753764.0237615, 1561753764.0327377, 1561753764.042711, 1561753764.049693, 1561753764.0586703, 1561753764.0816128, 1561753764.1045454, 1561753764.1155167, 1561753764.1274858, 1561753764.1354666, 1561753764.1424453, 1561753764.1484282, 